No,something
1,0.213200297
2,0.014814062
3,0.580994715
4,0.21673255
5,0.277073547
